kind,year,stusps,state_name,county_name
nonmetro-county,2026,AL,Alabama,Chambers County
nonmetro-county,2026,AL,Alabama,Washington County
nonmetro-county,2026,AK,Alaska,Aleutians East Borough
nonmetro-county,2026,AK,Alaska,Aleutians West Census Area
nonmetro-county,2026,AK,Alaska,Bethel Census Area
nonmetro-county,2026,AK,Alaska,Chugach Census Area
nonmetro-county,2026,AK,Alaska,Dillingham Census Area
nonmetro-county,2026,AK,Alaska,Haines Borough
nonmetro-county,2026,AK,Alaska,Hoonah-Angoon Census Area
nonmetro-county,2026,AK,Alaska,Juneau City and Borough
nonmetro-county,2026,AK,Alaska,Ketchikan Gateway Borough
nonmetro-county,2026,AK,Alaska,Kodiak Island
nonmetro-county,2026,AK,Alaska,Borough Nome Census Area
nonmetro-county,2026,AK,Alaska,North Slope Borough
nonmetro-county,2026,AK,Alaska,Northwest Arctic Borough
nonmetro-county,2026,AK,Alaska,Petersburg Census Area
nonmetro-county,2026,AK,Alaska,Skagway Municipality
nonmetro-county,2026,AK,Alaska,Southeast Fairbanks Census Area
nonmetro-county,2026,AZ,Arizona,Apache County
nonmetro-county,2026,AZ,Arizona,Gila County
nonmetro-county,2026,AZ,Arizona,Graham County
nonmetro-county,2026,AZ,Arizona,Greenlee County
nonmetro-county,2026,AZ,Arizona,La Paz County
nonmetro-county,2026,AZ,Arizona,Navajo County
nonmetro-county,2026,AZ,Arizona,Santa Cruz County
nonmetro-county,2026,AR,Arkansas,Baxter County
nonmetro-county,2026,AR,Arkansas,Calhoun County
nonmetro-county,2026,AR,Arkansas,Drew County
nonmetro-county,2026,AR,Arkansas,Hempstead County
nonmetro-county,2026,AR,Arkansas,Howard County
nonmetro-county,2026,AR,Arkansas,Jefferson County
nonmetro-county,2026,AR,Arkansas,Johnson County
nonmetro-county,2026,AR,Arkansas,Lincoln County
nonmetro-county,2026,AR,Arkansas,Marion County
nonmetro-county,2026,AR,Arkansas,Nevada County
nonmetro-county,2026,AR,Arkansas,Polk County
nonmetro-county,2026,AR,Arkansas,St. Francis County
nonmetro-county,2026,CA,California,Amador County
nonmetro-county,2026,CA,California,Calaveras County
nonmetro-county,2026,CA,California,Del Norte County
nonmetro-county,2026,CA,California,Glenn County
nonmetro-county,2026,CA,California,Humboldt County
nonmetro-county,2026,CA,California,Inyo County
nonmetro-county,2026,CA,California,Lake County
nonmetro-county,2026,CA,California,Lassen County
nonmetro-county,2026,CA,California,Mariposa County
nonmetro-county,2026,CA,California,Mendocino County
nonmetro-county,2026,CA,California,Mono County
nonmetro-county,2026,CA,California,Nevada County
nonmetro-county,2026,CA,California,Plumas County
nonmetro-county,2026,CA,California,Sierra County
nonmetro-county,2026,CA,California,Siskiyou County
nonmetro-county,2026,CA,California,Tehama County
nonmetro-county,2026,CA,California,Tuolumne County
nonmetro-county,2026,CO,Colorado,Crowley County
nonmetro-county,2026,CO,Colorado,Eagle County
nonmetro-county,2026,CO,Colorado,Garfield County
nonmetro-county,2026,CO,Colorado,La Plata County
nonmetro-county,2026,CO,Colorado,Mineral County
nonmetro-county,2026,CO,Colorado,Ouray County
nonmetro-county,2026,CO,Colorado,Pitkin County
nonmetro-county,2026,CO,Colorado,Routt County
nonmetro-county,2026,CO,Colorado,San Miguel County
nonmetro-county,2026,CO,Colorado,Summit County
nonmetro-county,2026,CT,Connecticut,Northeastern Connecticut Planning Region
nonmetro-county,2026,CT,Connecticut,Northwest Hills Planning Region
nonmetro-county,2026,DE,Delaware,Sussex County
nonmetro-county,2026,FL,Florida,Columbia County
nonmetro-county,2026,FL,Florida,DeSoto County
nonmetro-county,2026,FL,Florida,Dixie County
nonmetro-county,2026,FL,Florida,Franklin County
nonmetro-county,2026,FL,Florida,Glades County
nonmetro-county,2026,FL,Florida,Gulf County
nonmetro-county,2026,FL,Florida,Hardee County
nonmetro-county,2026,FL,Florida,Hendry County
nonmetro-county,2026,FL,Florida,Lafayette County
nonmetro-county,2026,FL,Florida,Madison County
nonmetro-county,2026,FL,Florida,Monroe County
nonmetro-county,2026,FL,Florida,Okeechobee County
nonmetro-county,2026,FL,Florida,Putnam County
nonmetro-county,2026,FL,Florida,Suwannee County
nonmetro-county,2026,GA,Georgia,Bulloch County
nonmetro-county,2026,GA,Georgia,Rabun County
nonmetro-county,2026,GA,Georgia,Thomas County
nonmetro-county,2026,GA,Georgia,Troup County
nonmetro-county,2026,GA,Georgia,White County
nonmetro-county,2026,HI,Hawaii,Hawaii County
nonmetro-county,2026,HI,Hawaii,Kauai County
nonmetro-county,2026,ID,Idaho,Blaine County
nonmetro-county,2026,KS,Kansas,Kearny County
nonmetro-county,2026,KY,Kentucky,Calloway County
nonmetro-county,2026,KY,Kentucky,Floyd County
nonmetro-county,2026,KY,Kentucky,Hancock County
nonmetro-county,2026,KY,Kentucky,Henderson County
nonmetro-county,2026,KY,Kentucky,Perry County
nonmetro-county,2026,KY,Kentucky,Pike County
nonmetro-county,2026,KY,Kentucky,Pulaski County
nonmetro-county,2026,KY,Kentucky,Simpson County
nonmetro-county,2026,LA,Louisiana,Allen Parish
nonmetro-county,2026,LA,Louisiana,Avoyelles Parish
nonmetro-county,2026,LA,Louisiana,Caldwell Parish
nonmetro-county,2026,LA,Louisiana,Claiborne Parish
nonmetro-county,2026,LA,Louisiana,Franklin Parish
nonmetro-county,2026,LA,Louisiana,Iberia Parish
nonmetro-county,2026,LA,Louisiana,La Salle Parish
nonmetro-county,2026,LA,Louisiana,Lincoln Parish
nonmetro-county,2026,LA,Louisiana,Natchitoches Parish
nonmetro-county,2026,LA,Louisiana,Red River Parish
nonmetro-county,2026,LA,Louisiana,Sabine Parish
nonmetro-county,2026,LA,Louisiana,St. Landry Parish
nonmetro-county,2026,LA,Louisiana,St. Mary Parish
nonmetro-county,2026,LA,Louisiana,Vernon Parish
nonmetro-county,2026,LA,Louisiana,Webster Parish
nonmetro-county,2026,ME,Maine,Franklin County
nonmetro-county,2026,ME,Maine,Kennebec County
nonmetro-county,2026,ME,Maine,Oxford County
nonmetro-county,2026,ME,Maine,Piscataquis County
nonmetro-county,2026,ME,Maine,Waldo County
nonmetro-county,2026,MD,Maryland,Caroline County
nonmetro-county,2026,MA,Massachusetts,Dukes County
nonmetro-county,2026,MA,Massachusetts,Franklin County
nonmetro-county,2026,MA,Massachusetts,Nantucket County
nonmetro-county,2026,MS,Mississippi,Amite County
nonmetro-county,2026,MS,Mississippi,Bolivar County
nonmetro-county,2026,MS,Mississippi,Claiborne County
nonmetro-county,2026,MS,Mississippi,Clarke County
nonmetro-county,2026,MS,Mississippi,George County
nonmetro-county,2026,MS,Mississippi,Grenada County
nonmetro-county,2026,MS,Mississippi,Issaquena County
nonmetro-county,2026,MS,Mississippi,Jones County
nonmetro-county,2026,MS,Mississippi,Lafayette County
nonmetro-county,2026,MS,Mississippi,Lauderdale County
nonmetro-county,2026,MS,Mississippi,Lawrence County
nonmetro-county,2026,MS,Mississippi,Leake County
nonmetro-county,2026,MS,Mississippi,Lee County
nonmetro-county,2026,MS,Mississippi,Marion County
nonmetro-county,2026,MS,Mississippi,Monroe County
nonmetro-county,2026,MS,Mississippi,Newton County
nonmetro-county,2026,MS,Mississippi,Noxubee County
nonmetro-county,2026,MS,Mississippi,Oktibbeha County
nonmetro-county,2026,MS,Mississippi,Panola County
nonmetro-county,2026,MS,Mississippi,Pearl River County
nonmetro-county,2026,MS,Mississippi,Pike County
nonmetro-county,2026,MS,Mississippi,Pontotoc County
nonmetro-county,2026,MS,Mississippi,Walthall County
nonmetro-county,2026,MS,Mississippi,Warren County
nonmetro-county,2026,MO,Missouri,Taney County
nonmetro-county,2026,MT,Montana,Big Horn County
nonmetro-county,2026,MT,Montana,Blaine County
nonmetro-county,2026,MT,Montana,Carter County
nonmetro-county,2026,MT,Montana,Chouteau County
nonmetro-county,2026,MT,Montana,Custer County
nonmetro-county,2026,MT,Montana,Dawson County
nonmetro-county,2026,MT,Montana,Fergus County
nonmetro-county,2026,MT,Montana,Flathead County
nonmetro-county,2026,MT,Montana,Glacier County
nonmetro-county,2026,MT,Montana,Golden Valley County
nonmetro-county,2026,MT,Montana,Hill County
nonmetro-county,2026,MT,Montana,Lake County
nonmetro-county,2026,MT,Montana,Lincoln County
nonmetro-county,2026,MT,Montana,McCone County
nonmetro-county,2026,MT,Montana,Madison County
nonmetro-county,2026,MT,Montana,Meagher County
nonmetro-county,2026,MT,Montana,Musselshell County
nonmetro-county,2026,MT,Montana,Park County
nonmetro-county,2026,MT,Montana,Petroleum County
nonmetro-county,2026,MT,Montana,Pondera County
nonmetro-county,2026,MT,Montana,Prairie County
nonmetro-county,2026,MT,Montana,Ravalli County
nonmetro-county,2026,MT,Montana,Richland County
nonmetro-county,2026,MT,Montana,Roosevelt County
nonmetro-county,2026,MT,Montana,Rosebud County
nonmetro-county,2026,MT,Montana,Silver Bow County
nonmetro-county,2026,MT,Montana,Teton County
nonmetro-county,2026,MT,Montana,Toole County
nonmetro-county,2026,MT,Montana,Treasure County
nonmetro-county,2026,MT,Montana,Wibaux County
nonmetro-county,2026,NV,Nevada,Churchill County
nonmetro-county,2026,NV,Nevada,Douglas County
nonmetro-county,2026,NV,Nevada,Elko County
nonmetro-county,2026,NV,Nevada,Esmeralda County
nonmetro-county,2026,NV,Nevada,Eureka County
nonmetro-county,2026,NV,Nevada,Mineral County
nonmetro-county,2026,NH,New Hampshire,Cheshire County
nonmetro-county,2026,NH,New Hampshire,Grafton County
nonmetro-county,2026,NH,New Hampshire,Merrimack County
nonmetro-county,2026,NH,New Hampshire,Sullivan County
nonmetro-county,2026,NM,New Mexico,Catron County
nonmetro-county,2026,NM,New Mexico,Chaves County
nonmetro-county,2026,NM,New Mexico,Curry County
nonmetro-county,2026,NM,New Mexico,Lea County
nonmetro-county,2026,NM,New Mexico,McKinley County
nonmetro-county,2026,NM,New Mexico,Taos County
nonmetro-county,2026,NY,New York,Clinton County
nonmetro-county,2026,NY,New York,Hamilton County
nonmetro-county,2026,NY,New York,Otsego County
nonmetro-county,2026,NC,North Carolina,Avery County
nonmetro-county,2026,NC,North Carolina,Bertie County
nonmetro-county,2026,NC,North Carolina,Chowan County
nonmetro-county,2026,NC,North Carolina,Craven County
nonmetro-county,2026,NC,North Carolina,Dare County
nonmetro-county,2026,NC,North Carolina,Duplin County
nonmetro-county,2026,NC,North Carolina,Granville County
nonmetro-county,2026,NC,North Carolina,Haywood County
nonmetro-county,2026,NC,North Carolina,Hertford County
nonmetro-county,2026,NC,North Carolina,Lee County
nonmetro-county,2026,NC,North Carolina,Macon County
nonmetro-county,2026,NC,North Carolina,Northampton County
nonmetro-county,2026,NC,North Carolina,Pamlico County
nonmetro-county,2026,NC,North Carolina,Pasquotank County
nonmetro-county,2026,NC,North Carolina,Transylvania County
nonmetro-county,2026,NC,North Carolina,Vance County
nonmetro-county,2026,NC,North Carolina,Watauga County
nonmetro-county,2026,NC,North Carolina,Wilson County
nonmetro-county,2026,OK,Oklahoma,Bryan County
nonmetro-county,2026,OK,Oklahoma,Carter County
nonmetro-county,2026,OK,Oklahoma,Craig County
nonmetro-county,2026,OK,Oklahoma,Texas County
nonmetro-county,2026,OR,Oregon,Clatsop County
nonmetro-county,2026,OR,Oregon,Coos County
nonmetro-county,2026,OR,Oregon,Curry County
nonmetro-county,2026,OR,Oregon,Douglas County
nonmetro-county,2026,OR,Oregon,Hood River County
nonmetro-county,2026,OR,Oregon,Klamath County
nonmetro-county,2026,OR,Oregon,Lincoln County
nonmetro-county,2026,OR,Oregon,Sherman County
nonmetro-county,2026,OR,Oregon,Tillamook County
nonmetro-county,2026,OR,Oregon,Umatilla County
nonmetro-county,2026,OR,Oregon,Union County
nonmetro-county,2026,OR,Oregon,Wasco County
nonmetro-county,2026,PA,Pennsylvania,Monroe County
nonmetro-county,2026,PA,Pennsylvania,Pike County
nonmetro-county,2026,PA,Pennsylvania,Wayne County
nonmetro-county,2026,SC,South Carolina,Barnwell County
nonmetro-county,2026,SC,South Carolina,Cherokee County
nonmetro-county,2026,SC,South Carolina,Georgetown County
nonmetro-county,2026,SC,South Carolina,Greenwood County
nonmetro-county,2026,SC,South Carolina,Newberry County
nonmetro-county,2026,SC,South Carolina,Orangeburg County
nonmetro-county,2026,SC,South Carolina,Williamsburg County
nonmetro-county,2026,TN,Tennessee,Bedford County
nonmetro-county,2026,TN,Tennessee,Coffee County
nonmetro-county,2026,TN,Tennessee,Putnam County
nonmetro-county,2026,TN,Tennessee,Sevier County
nonmetro-county,2026,TN,Tennessee,White County
nonmetro-county,2026,TX,Texas,Anderson County
nonmetro-county,2026,TX,Texas,Andrews County
nonmetro-county,2026,TX,Texas,Angelina County
nonmetro-county,2026,TX,Texas,Bee County
nonmetro-county,2026,TX,Texas,Concho County
nonmetro-county,2026,TX,Texas,DeWitt County
nonmetro-county,2026,TX,Texas,Franklin County
nonmetro-county,2026,TX,Texas,Hood County
nonmetro-county,2026,TX,Texas,Karnes County
nonmetro-county,2026,TX,Texas,Kleberg County
nonmetro-county,2026,TX,Texas,Lee County
nonmetro-county,2026,TX,Texas,Matagorda County
nonmetro-county,2026,TX,Texas,Montague County
nonmetro-county,2026,TX,Texas,Moore County
nonmetro-county,2026,TX,Texas,Real County
nonmetro-county,2026,TX,Texas,Runnels County
nonmetro-county,2026,TX,Texas,Sterling County
nonmetro-county,2026,TX,Texas,Uvalde County
nonmetro-county,2026,TX,Texas,Walker County
nonmetro-county,2026,TX,Texas,Ward County
nonmetro-county,2026,UT,Utah,Grand County
nonmetro-county,2026,UT,Utah,Kane County
nonmetro-county,2026,VT,Vermont,Washington County
nonmetro-county,2026,VT,Vermont,Windham County
nonmetro-county,2026,VA,Virginia,Essex County
nonmetro-county,2026,VA,Virginia,Northumberland County
nonmetro-county,2026,WA,Washington,Clallam County
nonmetro-county,2026,WA,Washington,Island County
nonmetro-county,2026,WA,Washington,Klickitat County
nonmetro-county,2026,WA,Washington,Lewis County
nonmetro-county,2026,WA,Washington,San Juan County
nonmetro-county,2026,WV,West Virginia,Upshur County
nonmetro-county,2026,AS,American Samoa,Eastern District
nonmetro-county,2026,AS,American Samoa,Manu'a District
nonmetro-county,2026,AS,American Samoa,Swains Island
nonmetro-county,2026,AS,American Samoa,Western District
nonmetro-county,2026,GU,Guam,Guam
nonmetro-county,2026,MP,Northern Mariana Islands,Northern Islands Municipality
nonmetro-county,2026,MP,Northern Mariana Islands,Rota Municipality
nonmetro-county,2026,MP,Northern Mariana Islands,Saipan Municipality
nonmetro-county,2026,MP,Northern Mariana Islands,Tinian Municipality
nonmetro-county,2026,PR,Puerto Rico,Adjuntas Municipio
nonmetro-county,2026,PR,Puerto Rico,Coamo Municipio
nonmetro-county,2026,PR,Puerto Rico,Culebra Municipio
nonmetro-county,2026,PR,Puerto Rico,Guanica Municipio
nonmetro-county,2026,PR,Puerto Rico,Jayuya Municipio
nonmetro-county,2026,PR,Puerto Rico,Lares Municipio
nonmetro-county,2026,PR,Puerto Rico,Las Marias Municipio
nonmetro-county,2026,PR,Puerto Rico,Maricao Municipio
nonmetro-county,2026,PR,Puerto Rico,Salinas Municipio
nonmetro-county,2026,PR,Puerto Rico,Santa Isabel Municipio
nonmetro-county,2026,PR,Puerto Rico,Utuado Municipio
nonmetro-county,2026,PR,Puerto Rico,Vieques Municipio
nonmetro-county,2026,VI,Virgin Islands,St. Croix
nonmetro-county,2026,VI,Virgin Islands,St. John
nonmetro-county,2026,VI,Virgin Islands,St. Thomas
